BC,feat,trn_u,trn_s,val_u,val_s,PLD_u,PLD_s,LD1_u,LD1_s,IL1_u,IL1_s,LD2_u,LD2_s,IL2_u,IL2_s,method
1,E,19.41694,0.519023,24.366909,0.540441,17.576799,0.358511,10.235815,0.237645,13.179635,0.259718,10.420704,0.230698,10.672025,0.26873,FSNet
1,E+T,19.819609,0.803204,24.977484,0.766675,18.244143,0.244941,11.991852,0.209615,14.954785,0.368848,11.596465,0.135228,11.784841,0.206429,FSNet
1,E+M,15.408907,0.313082,18.714514,0.504892,13.663562,0.316069,9.365115,0.106935,11.927744,0.122748,9.514723,0.073648,9.873882,0.132211,FSNet
1,E+T+M,18.025171,0.417767,23.426529,0.998337,16.482219,0.202628,11.68378,0.214851,14.189364,0.196016,10.734187,0.123241,11.577657,0.236243,FSNet
1,E,15.940156,0.057376,25.387442,0.069785,18.921877,0.025838,12.687914,0.060593,16.16565,0.084872,14.36536,0.056087,13.772696,0.068416,NBEATS+OL
1,E+T,28.564483,0.395198,46.177427,0.634187,30.278204,0.17082,30.631541,0.33633,25.526843,0.265977,23.578072,0.300658,19.93453,0.244938,NBEATS+OL
1,E+M,19.288192,0.185205,26.402834,0.301643,21.64088,0.19225,16.178228,0.116484,17.819387,0.121087,16.298057,0.149757,15.935726,0.122239,NBEATS+OL
1,E+T+M,32.040874,0.398892,43.553052,2.331783,31.68189,0.424456,30.453882,0.416652,26.219468,0.514141,23.551215,0.375201,20.167418,0.289076,NBEATS+OL
1,E,11.665523,0.077508,19.835107,0.17587,15.890485,0.111797,14.79572,0.097869,23.417632,0.851755,17.544963,0.118083,14.896595,0.314729,NBEATS
1,E+T,11.291275,0.304771,30.333214,0.585921,22.238283,0.53205,47.676968,1.221641,53.271661,0.979837,50.549452,2.085907,29.994428,1.491387,NBEATS
1,E+M,10.090676,0.28255,19.802386,0.212408,15.612929,0.218765,27.494474,0.710591,34.167424,1.711539,31.739385,1.089487,17.466389,0.245974,NBEATS
1,E+T+M,9.322506,0.294649,31.882883,0.548042,20.679182,0.259,66.587866,4.468593,69.441632,3.215008,73.109666,5.386245,43.787131,2.311002,NBEATS
1,E,33.568013,3.46735,64.22926,3.623538,49.018258,4.072455,33.626823,10.172362,44.290401,30.615502,28.810645,9.511302,31.023362,12.026801,LSTM+OL
1,E+T,33.327914,1.80024,56.383375,7.803518,39.860598,4.941236,32.14739,4.648509,35.501858,6.912687,25.870135,6.520155,31.156536,6.822741,LSTM+OL
1,E+M,34.195664,3.364819,65.619314,5.978441,52.705426,4.244655,40.472758,10.460653,53.320984,14.513796,40.669289,11.634724,47.784209,13.94079,LSTM+OL
1,E+T+M,36.510226,1.072838,64.600793,2.930746,54.660852,4.567606,45.674734,1.557743,58.939834,2.467285,42.08006,1.92618,51.510946,2.020245,LSTM+OL
1,E,13.719128,0.821335,23.092733,2.839292,19.927685,1.589329,38.515487,3.824821,37.048248,3.997109,44.890976,4.190733,52.628167,6.821226,LSTM
1,E+M,11.402153,0.680606,27.167074,2.548516,21.550176,1.914469,78.659424,19.131285,72.108723,10.254629,82.496875,17.381536,68.065493,7.247961,LSTM
1,E+T,13.524616,1.097758,25.49686,4.56015,20.82534,2.663252,41.577225,4.864394,45.361607,4.60486,47.742294,4.488004,59.696088,7.010102,LSTM
1,E+T+M,11.751795,0.591777,23.399824,1.119667,18.849659,0.861667,63.106264,3.920914,72.676112,3.226273,68.87374,3.212009,52.051263,4.181211,LSTM
1,E,19.102853,0.009819718,20.325203,0.03456959,20.726062,0.01774056,15.795201,0.0697218,31.463623,0.1407088,21.365425,0.0999905,22.939413,0.09873316,XGBoost
1,E+T,92.447902,0.000397479,107.267474,0.000918701,101.135246,0.000638951,75.633613,0.000886322,133.538864,0.001275389,78.286796,0.000863152,61.504489,0.000424713,XGBoost
1,E+M,92.470834,3.25085E-05,107.267859,0.000104848,101.147326,5.80484E-05,75.633062,0.000108726,133.541099,0.000131235,78.286115,0.000109559,61.502051,9.28247E-05,XGBoost
1,E+T+M,92.478303,3.30448E-07,107.271946,5.14974E-07,101.152999,3.58076E-07,75.636545,4.40373E-07,133.546124,5.8664E-07,78.289616,4.22879E-07,61.504087,2.04433E-07,XGBoost
1,E+T,20.503624,0.062199,44.874391,0.260267,33.589492,0.163363,31.920688,0.652245,44.073629,0.197743,36.519301,0.794024,45.696062,2.39105,RF
1,E+T+M,32.994121,0.050338,68.699678,0.074069,51.679594,0.051663,49.011487,0.281631,65.51884,0.151504,49.522569,0.38844,52.776478,1.107144,RF
1,E,45.697989,0.198485,94.844231,0.339107,71.11638,0.209884,63.557339,0.329607,116.204739,0.551909,66.444329,0.335196,57.25331,0.12041,RF
1,E+M,64.521526,0.000127,177.851066,0.091053,121.365064,0.044471,145.934083,0.091053,205.613699,0.091053,147.226204,0.090963,118.539251,0.091053,RF
1,E,14.29513706,,,,17.96015906,,13.24829721,,17.91775541,,15.45487735,,13.83184297,,VAR
1,E+M,10.94958448,,,,29.52923581,,38.95609585,,38.56393532,,46.84934274,,42.55029924,,VAR
1,E+T,13.92799905,,,,17.27678487,,15.55437269,,21.293477,,18.71976936,,13.62875241,,VAR
1,E+T+M,10.54773227,,,,28.53038991,,49.0624607,,50.94282337,,63.40617163,,55.29488668,,VAR
1,E,14.22773468,,22.4684574,,17.56630034,,12.7466094,,15.4325252,,14.13452712,,13.25549212,,VAR+OL
1,E+M,13.71494795,,36.73705859,,25.05760054,,22.53135636,,21.04198733,,20.15512553,,21.51975468,,VAR+OL
1,E+T,13.77610215,,20.67089244,,16.93192503,,13.15327561,,15.84816836,,14.76583369,,12.83417796,,VAR+OL
1,E+T+M,13.32516108,,34.79269138,,24.20962096,,22.1345317,,21.06800465,,20.25467075,,24.69516974,,VAR+OL
2,E,1.841828,0.029614,3.791426,0.06911,2.564177,0.027404,1.160674,0.0179,1.016177,0.008359,0.795042,0.004284,1.714203,0.018606,FSNet
2,E+T,1.634504,0.01158,3.350186,0.037086,2.368229,0.013439,1.19866,0.015445,1.037485,0.009504,0.804649,0.008638,1.573632,0.015991,FSNet
2,E+M,1.785588,0.018751,3.591038,0.035584,2.487934,0.023154,1.120387,0.006295,0.981993,0.006435,0.764487,0.003519,1.610508,0.010264,FSNet
2,E+T+M,1.677132,0.017497,3.407294,0.034579,2.407355,0.020619,1.233679,0.015854,1.061138,0.008249,0.834698,0.007365,1.590553,0.014584,FSNet
2,E,2.127135,0.00375,4.668791,0.013975,3.50571,0.003879,1.399123,0.002395,1.206304,0.003653,0.933089,0.002124,2.393005,0.004073,NBEATS+OL
2,E+T,2.236293,0.008943,4.365703,0.012823,3.123594,0.005535,2.114903,0.00701,1.712612,0.013958,1.498387,0.011066,2.36696,0.012047,NBEATS+OL
2,E+M,1.879132,0.01065,4.209917,0.02143,2.914897,0.004488,1.400846,0.004032,1.195113,0.00515,0.979136,0.00235,2.02338,0.007716,NBEATS+OL
2,E+T+M,2.217916,0.01055,4.251091,0.008708,3.055088,0.003325,2.12907,0.014975,1.720592,0.014511,1.531436,0.011336,2.350151,0.011845,NBEATS+OL
2,E,1.52058,0.003473,4.337234,0.01659,3.354575,0.005293,1.825496,0.019622,1.945882,0.024502,1.610731,0.022518,2.467551,0.009545,NBEATS
2,E+T,1.2134,0.012479,3.731293,0.014564,3.277737,0.010758,17.574219,0.336794,16.367146,0.309905,18.651241,0.372126,10.541236,0.225768,NBEATS
2,E+M,0.970475,0.012265,3.887395,0.032198,3.062096,0.025852,2.66154,0.083012,3.031967,0.192016,2.740888,0.153471,2.751118,0.048095,NBEATS
2,E+T+M,0.974563,0.013272,3.643621,0.010624,3.204525,0.011628,20.651121,0.620681,19.874174,0.5914,22.216335,0.677979,12.094534,0.461172,NBEATS
2,E,2.697282,0.018151,6.738333,0.35435,4.405074,0.241395,1.836548,0.247715,1.578167,0.236872,1.315439,0.202826,2.656792,0.162976,LSTM+OL
2,E+T,2.301002,0.018477,5.231676,0.237988,3.424493,0.081658,1.626578,0.06313,1.24258,0.042112,1.0066,0.03478,2.361093,0.073181,LSTM+OL
2,E+M,2.604984,0.079036,6.783786,0.396304,4.670848,0.098708,2.081942,0.163979,1.876571,0.184916,1.556487,0.107259,2.784293,0.07173,LSTM+OL
2,E+T+M,2.376826,0.010793,5.273099,0.309103,3.507434,0.072525,1.594544,0.023861,1.193897,0.025181,0.961803,0.020743,2.285237,0.010894,LSTM+OL
2,E,1.701986,0.086162,4.304108,0.220608,3.583613,0.1236,2.457554,0.134776,2.630009,0.172481,2.302639,0.189016,2.747257,0.15473,LSTM
2,E+M,1.232808,0.031438,3.680565,0.088643,3.152912,0.044806,5.867527,1.262085,6.506593,1.057431,5.380268,1.499251,4.869925,0.584638,LSTM
2,E+T,1.507648,0.05675,4.112824,0.133805,3.423038,0.10351,2.598485,0.248171,2.858101,0.340324,2.552099,0.315288,2.73658,0.16572,LSTM
2,E+T+M,1.293727,0.034044,3.733829,0.089438,3.270171,0.08041,6.68039,1.441273,7.433705,1.050928,6.437118,1.692399,4.609459,0.755688,LSTM
2,E+T+M,1.011728,0.003517466,4.004543,0.02119556,3.323337,0.01742234,9.049433,0.2113753,9.337949,0.2323313,10.462654,0.2652133,6.188045,0.131697,XGBoost
2,E+M,1.185664,0.009750238,5.284865,0.02708503,3.94956,0.02827873,5.204968,0.2325915,5.642772,0.2475381,6.559656,0.3118365,4.233783,0.09091342,XGBoost
2,E,2.137395,0.008112786,5.271908,0.03060486,4.01135,0.02265395,2.261769,0.006164349,2.537374,0.0119925,2.35705,0.01229619,2.854819,0.007310114,XGBoost
2,E+T,2.515995,0.01430354,5.391223,0.04760087,4.331419,0.03584266,3.187203,0.1531268,4.63386,0.4106989,3.912577,0.2916477,3.158241,0.02203015,XGBoost
2,E+M,2.530427,0.004625,6.748558,0.015076,4.907473,0.008795,2.631182,0.006502,2.830387,0.009827,2.656342,0.011619,3.024681,0.008516,RF
2,E+T,2.697422,0.001098,7.054542,0.010972,5.119443,0.006852,2.677318,0.002617,2.796283,0.00343,2.483988,0.002781,3.060262,0.001351,RF
2,E,2.781454,0.001992,7.293489,0.005102,5.275785,0.003613,2.75619,0.00158,2.848391,0.001025,2.534201,0.001141,3.128186,0.001647,RF
2,E+T+M,2.797764,0.003112,7.294833,0.009503,5.292191,0.000481,2.797361,0.013968,2.900936,0.020217,2.596806,0.024973,3.172857,0.016158,RF
2,E,1.948440992,,,,3.45759109,,1.629632474,,1.599454917,,1.387908395,,2.461602843,,VAR
2,E+M,1.373892631,,,,4.607153487,,10.26749053,,8.823777144,,7.661381284,,8.415411559,,VAR
2,E+T,1.946362164,,,,3.460619803,,1.836040293,,2.00423933,,1.767150137,,2.577472004,,VAR
2,E+T+M,1.347809933,,,,4.721511944,,10.42515991,,8.970477684,,7.685763331,,7.528990478,,VAR
2,E,1.943326172,,4.436401583,,3.392574378,,1.566610347,,1.395922604,,1.135028087,,2.339071574,,VAR+OL
2,E+M,1.497290365,,4.306744428,,3.79761496,,3.219825271,,2.468774319,,2.192588904,,3.21889828,,VAR+OL
2,E+T,1.958450247,,4.367659581,,3.368190184,,1.537637824,,1.3466611,,1.121979467,,2.339359672,,VAR+OL
2,E+T+M,1.428192691,,4.286119103,,3.924343233,,3.677098423,,2.642631788,,2.396735305,,3.533627258,,VAR+OL
3,E,27.341001,0.643701,20.051565,0.538776,17.87961,0.422161,11.248227,0.330066,10.272656,0.35352,7.111946,0.182311,13.584931,0.306875,FSNet
3,E+T,29.252503,0.655187,22.666537,0.489294,18.010707,0.249554,10.619947,0.177944,10.121392,0.131465,6.598316,0.080035,11.782548,0.14471,FSNet
3,E+M,26.413416,0.567009,19.074056,0.53831,15.626896,0.306437,10.327335,0.25409,9.591943,0.246248,7.152868,0.129971,12.316375,0.279438,FSNet
3,E+T+M,29.370562,0.358364,22.922709,0.474145,18.454668,0.309079,11.618064,0.314145,10.896641,0.176743,7.395453,0.130918,12.16784,0.186331,FSNet
3,E,29.303907,0.067806,23.964541,0.099902,23.844716,0.047567,13.419367,0.078206,12.031413,0.037342,8.933214,0.049815,17.689604,0.053775,NBEATS+OL
3,E+T,47.539792,0.696216,42.156937,0.607765,35.104571,0.251547,34.596978,0.422093,27.883429,0.444797,24.666373,0.573934,26.326771,0.371092,NBEATS+OL
3,E+M,32.919263,0.319901,29.52585,0.250532,27.554116,0.164833,20.98931,0.395165,16.447952,0.202013,14.870137,0.254921,22.315511,0.256897,NBEATS+OL
3,E+T+M,48.277682,0.613484,45.169758,0.630555,36.941711,0.256738,36.358517,0.559124,29.732414,0.616215,26.479241,0.398542,29.908214,0.463003,NBEATS+OL
3,E,23.078321,0.224977,21.718647,0.181716,24.378444,0.213069,30.553512,4.661969,27.71579,3.139215,32.079151,6.374038,29.531696,1.778203,NBEATS
3,E+T,10.172782,0.649142,38.527852,0.628246,37.368308,0.944085,115.031939,16.1896,98.652606,13.627332,126.747866,18.189893,79.111516,8.835343,NBEATS
3,E+M,18.562136,0.104436,26.171379,0.182533,31.769478,0.310623,95.497733,2.071628,59.427264,1.525167,105.689458,2.589641,83.217892,1.438782,NBEATS
3,E+T+M,17.799168,0.089522,36.414561,0.178223,39.707737,0.38912,220.387297,4.995115,166.716917,4.146188,239.013457,4.88835,146.874074,4.189381,NBEATS
3,E,35.319762,4.257398,31.711525,1.792348,35.085735,4.359617,14.493932,2.92817,13.058701,2.281248,7.754516,1.481484,19.659369,2.160026,LSTM+OL
3,E+T,32.206042,0.662306,23.636049,0.397639,28.969836,2.273688,17.134042,2.374065,13.351531,1.957828,8.366474,1.347732,21.357467,2.759295,LSTM+OL
3,E+M,57.973523,21.717742,57.610597,18.113747,43.332521,8.213911,15.997151,2.112028,15.591895,2.178885,8.162681,0.457599,21.168909,1.121541,LSTM+OL
3,E+T+M,43.372532,16.687066,34.74171,4.359761,36.458477,2.49468,22.804871,7.729357,22.600355,7.294849,10.65911,3.134259,28.266,10.719368,LSTM+OL
3,E,29.233834,2.317232,28.638646,3.546839,33.51012,3.605195,104.253815,4.757078,81.688815,5.083156,123.172942,4.897955,69.163995,5.680093,LSTM
3,E+M,20.973918,3.671592,37.429027,5.335444,36.998013,3.604465,144.881461,9.580371,117.08465,9.161573,156.452461,10.015047,90.362714,6.413236,LSTM
3,E+T,28.711006,4.096324,27.448302,2.916961,32.771614,2.823643,96.818703,5.434531,69.901342,5.608777,113.169591,5.461607,71.79966,5.445232,LSTM
3,E+T+M,23.369627,2.340151,34.819719,5.294206,34.947526,1.980562,118.760397,6.602341,92.196792,4.953166,133.837547,6.069367,89.631384,6.936592,LSTM
3,E+T+M,28.181696,0.1148495,41.475344,0.3497574,55.249425,0.3564437,158.245589,2.241149,132.706759,2.117351,175.735643,2.468136,121.778904,1.587793,XGBoost
3,E,30.024802,0.1295493,35.7472,0.3505707,50.840786,0.9447881,157.645535,3.874828,132.866132,3.537934,176.790698,4.132518,115.966073,3.072196,XGBoost
3,E+T,53.983112,0.2920132,45.785582,0.3305016,61.656296,0.313591,160.144221,1.599728,134.875198,1.421501,180.58083,1.650136,121.063201,1.145597,XGBoost
3,E+M,82.169443,0.7801948,66.955793,0.5365821,79.520373,0.5772075,173.689956,2.875656,148.855127,2.65821,194.053281,2.994849,132.635334,2.418455,XGBoost
3,E+M,40.252289,0.073061,38.078905,0.179065,53.360528,0.064912,156.081015,0.08519,131.324906,0.071668,176.329064,0.090062,115.139414,0.049293,RF
3,E,40.195804,0.089564,38.42752,0.101588,53.440341,0.04478,156.196605,0.044488,131.441084,0.044306,176.445589,0.044502,115.236422,0.044827,RF
3,E+T,71.093782,0.345845,51.543615,0.626989,62.360478,0.461345,153.268081,0.18342,128.511406,0.183437,173.517065,0.183427,112.418052,0.180863,RF
3,E+T+M,71.331416,0.36451,52.126607,0.510185,62.431644,0.323672,153.435953,0.115186,128.684417,0.118384,173.685794,0.113489,112.498934,0.120834,RF
3,E,24.13839793,,,,32.34977641,,48.06308188,,46.97394956,,46.04120243,,48.83195164,,VAR
3,E+M,15.01247416,,,,52.19114294,,87.56415085,,83.39498985,,70.57039251,,64.26335395,,VAR
3,E+T,22.65749256,,,,31.09088506,,51.6730378,,45.95335266,,48.75171525,,57.25241746,,VAR
3,E+T+M,14.34133438,,,,48.08767219,,86.3945673,,78.25413699,,70.76040723,,68.60546501,,VAR
3,E,26.76439143,,24.79634266,,23.63629672,,14.96303111,,12.0392809,,10.33399136,,20.14218352,,VAR+OL
3,E+M,18.76390516,,43.34103124,,40.65817282,,29.20306322,,23.78157121,,18.81546385,,32.90396524,,VAR+OL
3,E+T,23.92868202,,23.25196588,,23.163077,,15.70126433,,13.28110463,,11.07858366,,19.2659966,,VAR+OL
3,E+T+M,18.29753122,,41.06691446,,39.52120584,,27.65993688,,23.92172198,,19.08352223,,30.0254469,,VAR+OL
4,E,22.814714,0.294314,16.078436,0.245489,16.87455,0.291024,10.741396,0.256151,12.505918,0.230078,8.055834,0.116801,13.917316,0.225049,FSNet
4,E+T,25.033642,0.403769,19.247557,0.373407,18.883434,0.246943,10.817175,0.304972,13.286118,0.258961,8.28729,0.173352,14.202368,0.209215,FSNet
4,E+M,23.261759,0.281206,16.8287,0.329767,16.037252,0.221938,9.480831,0.188644,11.063697,0.125545,6.985692,0.115994,11.802129,0.218777,FSNet
4,E+T+M,22.953504,0.31825,17.878467,0.190879,17.590933,0.129157,10.627183,0.288906,12.786421,0.291871,8.202238,0.170216,13.673038,0.312086,FSNet
4,E,27.917577,0.066498,21.432643,0.078574,23.874312,0.026192,11.94979,0.022128,16.254708,0.052254,9.470538,0.047032,19.365347,0.034724,NBEATS+OL
4,E+T,33.816938,0.188005,32.831825,0.213904,28.417941,0.096931,29.113412,0.450538,25.288239,0.271192,19.99677,0.127986,23.607409,0.236331,NBEATS+OL
4,E+M,29.657744,0.249975,24.830842,0.290711,25.261005,0.074005,18.123579,0.163777,18.308492,0.195493,13.132621,0.198672,21.360759,0.111631,NBEATS+OL
4,E+T+M,37.785684,0.298425,32.518633,0.207912,28.440694,0.097869,28.101984,0.196952,25.198643,0.191423,20.496525,0.140234,24.424045,0.265001,NBEATS+OL
4,E,21.702796,0.063882,21.120367,0.190435,24.726596,0.11047,54.740052,1.967496,32.78049,0.822354,61.376846,2.371034,30.043713,0.670899,NBEATS
4,E+T,8.768554,0.446359,30.514224,0.640332,29.898292,0.21864,50.328854,7.759184,48.319112,2.741629,59.13624,9.017348,40.608433,2.156575,NBEATS
4,E+M,20.71929,0.162877,23.59328,0.139812,25.561311,0.175144,40.554861,1.335069,27.164325,0.662557,43.140071,1.60099,29.005906,0.815624,NBEATS
4,E+T+M,18.483496,0.098689,29.592592,0.581813,35.611762,0.302191,151.969664,10.424,102.877168,7.695254,166.509335,10.769364,90.204233,5.894486,NBEATS
4,E,34.378723,9.625422,33.210992,13.093768,33.568715,2.801881,13.97045,1.084647,17.929819,2.341374,8.91452,0.624684,21.311064,1.069729,LSTM+OL
4,E+T,29.321007,0.614608,23.976856,0.824515,32.890461,2.204576,18.711451,4.98721,23.050502,4.660828,11.287549,2.911262,27.173793,5.754049,LSTM+OL
4,E+M,27.398361,1.092397,25.339778,4.059866,33.351779,2.266185,15.128343,1.950506,19.446864,5.263052,9.906182,1.899015,22.2749,2.651523,LSTM+OL
4,E+T+M,29.456628,1.028595,24.304861,1.383685,33.02254,2.72785,14.641863,1.952908,19.797979,2.786841,10.062706,1.409474,23.594366,3.244226,LSTM+OL
4,E,27.301956,0.902177,31.962736,2.17405,30.905962,1.217037,91.277271,4.447056,52.751336,3.130141,110.947462,4.716164,48.094521,3.020721,LSTM
4,E+M,15.10092,1.804964,33.079911,2.173761,31.836332,1.620124,115.371295,6.155973,86.895136,6.847556,132.899986,6.780012,67.017624,4.24394,LSTM
4,E+T,36.386734,0.855685,34.463514,0.891672,42.4097,0.871885,141.890999,1.912646,91.62715,2.350756,163.653447,2.486962,85.072495,0.799919,LSTM
4,E+T+M,13.088647,1.824478,32.241314,3.102687,33.63348,1.156287,124.381059,11.021733,91.432378,8.516663,141.657521,11.08858,74.788319,6.425802,LSTM
4,E+T,27.943337,0.2669322,32.668109,0.4990831,35.577315,0.5119236,134.509021,3.863229,81.658614,2.470732,154.451439,3.898882,76.216515,1.993065,XGBoost
4,E+M,33.115371,0.1037638,29.734337,0.1692121,38.35286,0.1662553,139.257353,2.53304,91.898398,1.939602,159.646846,2.392782,84.43384,1.415286,XGBoost
4,E+T+M,41.448132,0.2498143,29.510015,0.2952304,42.201288,0.1817519,150.999293,2.319445,100.706346,1.723022,173.091856,2.257836,91.654846,1.141552,XGBoost
4,E,82.860322,0.2030945,64.233882,0.2359384,77.952649,0.1880357,184.137145,0.2662987,134.663358,0.1676583,204.339033,0.2758343,126.784751,0.1345845,XGBoost
4,E,36.856702,0.293166,29.995728,0.321208,38.718013,0.258936,140.299418,0.131632,90.163427,0.137164,160.965966,0.131865,81.495329,0.118693,RF
4,E+T,55.362115,0.066212,44.515946,0.067218,52.51688,0.068036,136.263684,0.057072,87.053214,0.063176,156.931447,0.057078,79.731702,0.052989,RF
4,E+T+M,55.834056,0.25855,45.190975,0.272795,53.112073,0.261093,136.230073,0.169493,87.825866,0.233901,156.89269,0.170673,80.242687,0.179762,RF
4,E+M,59.156922,2.056436,48.714791,2.34662,56.406486,2.125489,136.339255,0.290012,89.001832,1.451715,157.004686,0.290276,81.578436,1.439476,RF
4,E,23.72836905,,,,25.97506198,,49.37140212,,37.79499411,,55.98595271,,34.49296208,,VAR
4,E+M,15.10696999,,,,52.31021353,,96.28333861,,100.8926087,,101.576685,,67.36617957,,VAR
4,E+T,22.65215654,,,,26.45252062,,44.08856341,,36.40735532,,49.55345043,,31.11656091,,VAR
4,E+T+M,14.48193529,,,,54.46149894,,101.0973839,,97.32557459,,109.7720004,,88.790543,,VAR
4,E,24.00603746,,21.58068526,,23.33961517,,16.78499109,,16.79628965,,10.60215242,,20.15827195,,VAR+OL
4,E+M,18.00573439,,41.26213977,,39.91783022,,31.40313261,,29.76862825,,19.38172038,,35.51339718,,VAR+OL
4,E+T,22.90798598,,22.12208745,,23.42510127,,19.51440395,,17.7140705,,13.35056313,,20.44087575,,VAR+OL
4,E+T+M,17.48606044,,40.62950111,,39.6167563,,29.76119869,,28.87758815,,20.12237413,,33.69586343,,VAR+OL
5,E,2.522752,0.04323,1.79216,0.029061,2.118624,0.0287,1.879817,0.036144,2.787585,0.080675,1.664349,0.034681,1.55252,0.033788,FSNet
5,E+T,2.876011,0.036066,2.194412,0.022592,2.433717,0.014467,2.496415,0.023817,3.463216,0.045689,1.987559,0.017033,1.822904,0.018728,FSNet
5,E+M,2.651989,0.053166,1.915268,0.02138,2.175219,0.026626,1.92202,0.033614,2.792765,0.049577,1.649499,0.027978,1.541785,0.029963,FSNet
5,E+T+M,2.374733,0.040985,1.765812,0.01922,1.963424,0.024134,1.918647,0.038038,2.951161,0.050006,1.689848,0.018302,1.564782,0.030618,FSNet
5,E,3.767774,0.005066,3.066877,0.00622,3.87411,0.002169,3.701172,0.005136,5.452494,0.003923,2.949965,0.002114,2.768758,0.00184,NBEATS+OL
5,E+T,4.520441,0.037261,3.800372,0.037998,3.750436,0.017939,4.401731,0.032701,5.20394,0.013226,3.443073,0.02229,2.997923,0.023555,NBEATS+OL
5,E+M,2.947166,0.012054,2.666041,0.014084,2.996674,0.007838,2.881457,0.008286,3.779336,0.017059,2.518189,0.006254,2.376066,0.007967,NBEATS+OL
5,E+T+M,3.880333,0.02843,3.511419,0.04024,3.414186,0.012059,4.38188,0.045545,5.072837,0.016807,3.396974,0.01208,2.795586,0.024841,NBEATS+OL
5,E,3.009012,0.008124,2.874735,0.008812,3.733363,0.009199,3.673318,0.005049,5.956569,0.037548,3.082298,0.012633,2.772566,0.006865,NBEATS
5,E+T,1.157304,0.021958,2.918251,0.060641,3.269677,0.031153,11.62894,1.044947,9.822954,0.485139,12.507141,1.322008,7.173216,0.563,NBEATS
5,E+M,2.074546,0.009243,2.236211,0.009893,3.152214,0.023111,3.197118,0.011132,5.835043,0.066409,2.754323,0.012822,2.379479,0.010833,NBEATS
5,E+T+M,1.342775,0.028961,2.790813,0.065499,3.805595,0.049385,12.23735,0.826731,10.894205,0.51545,13.040764,0.980689,7.486139,0.552244,NBEATS
5,E,6.865596,0.877745,5.441139,0.808493,9.243107,2.783178,12.097669,10.967226,14.490324,10.513985,14.75991,21.884483,23.177528,34.280462,LSTM+OL
5,E+T,3.959017,0.12052,2.894817,0.144168,3.460074,0.061567,3.660089,0.075894,5.148347,0.12701,2.815439,0.027678,2.572865,0.069836,LSTM+OL
5,E+M,5.968843,0.240538,4.798148,0.153664,6.947946,0.400553,7.501162,2.664605,13.409549,6.771347,8.740776,6.613869,12.796513,12.405563,LSTM+OL
5,E+T+M,5.450609,0.210553,4.188783,0.245862,5.235675,0.16339,5.309771,0.517488,7.593869,1.004299,4.038761,0.549169,3.672722,0.487171,LSTM+OL
5,E,2.565888,0.165976,2.448857,0.203195,3.097805,0.140099,3.11701,0.18143,4.95586,0.220516,2.678889,0.153776,2.492949,0.142327,LSTM
5,E+M,1.995006,0.264881,2.594016,0.372407,3.257269,0.237283,5.535586,0.517211,8.91007,0.563096,4.612106,0.475669,3.860755,0.349577,LSTM
5,E+T,2.542941,0.191469,2.382887,0.135757,3.444968,0.142896,3.311025,0.109485,6.368402,0.381885,2.779756,0.161336,2.444222,0.169095,LSTM
5,E+T+M,1.967706,0.062059,2.417839,0.08191,3.643681,0.131427,5.259077,0.282607,9.313229,0.491646,4.309009,0.26252,3.403393,0.177493,LSTM
5,E+T,3.116458,0.02279722,3.080164,0.01744636,4.320963,0.02732185,4.140458,0.02247474,7.584502,0.09719495,3.244016,0.01954398,3.198376,0.01809911,XGBoost
5,E,3.640385,0.01686126,3.23194,0.0136874,4.240595,0.01624563,4.135674,0.01827738,6.374063,0.0373661,3.587045,0.01906151,3.323798,0.01479,XGBoost
5,E+M,3.904689,0.01450269,3.3788,0.04077302,4.604122,0.01886004,6.899039,0.08238914,7.986616,0.04170853,7.157487,0.1565996,4.404563,0.08065269,XGBoost
5,E+T+M,4.207851,0.05973959,3.956125,0.0608289,5.098514,0.05073219,7.391557,0.2465533,8.339152,0.2312074,7.731785,0.298206,5.041744,0.1892917,XGBoost
5,E+T+M,4.09736,0.006301,3.28188,0.006795,4.828108,0.006259,4.622983,0.024918,8.202015,0.017145,3.781498,0.026427,3.42298,0.008925,RF
5,E,4.193874,0.008936,3.326101,0.006769,4.901661,0.006724,4.48258,0.006362,8.253567,0.012756,3.564819,0.009599,3.374046,0.007565,RF
5,E+T,5.138457,0.005601,3.882559,0.00698,5.653743,0.005739,5.140611,0.0056,9.076579,0.005748,3.925773,0.007024,3.878531,0.00718,RF
5,E+M,6.795412,0.000355,5.181488,0.007859,7.130917,0.001252,6.481376,0.000687,10.849519,0.024333,5.205185,0.002443,5.251401,0.000888,RF
5,E,3.211435742,,,,3.660550944,,3.657722811,,5.424053771,,3.138095522,,2.874713124,,VAR
5,E+M,1.696435471,,,,5.411345114,,18.20969095,,14.08419,,17.38102534,,9.03404287,,VAR
5,E+T,3.083029443,,,,4.323731209,,4.10360236,,7.907150973,,3.239695095,,2.920540215,,VAR
5,E+T+M,1.638207534,,,,5.548189626,,19.23257042,,13.18678944,,19.21191967,,10.56046298,,VAR
5,E,3.199975765,,2.758060797,,3.53082016,,3.481126069,,5.042079463,,2.856705839,,2.605756466,,VAR+OL
5,E+M,2.381536004,,3.858422971,,4.032407768,,5.64292253,,6.012598744,,3.702665816,,3.759153703,,VAR+OL
5,E+T,3.109553391,,2.866201066,,3.551347035,,3.544210634,,4.955657937,,2.924553026,,2.654286618,,VAR+OL
5,E+T+M,2.348461485,,3.791125923,,4.065009233,,5.82897062,,6.47133238,,3.953934292,,3.874344038,,VAR+OL
6,E,22.534417,0.518968,15.632275,0.451195,14.713995,0.280274,11.192691,0.213288,11.316928,0.343238,9.499678,0.224748,9.85012,0.244996,FSNet
6,E+T,26.441634,0.375614,17.391258,0.260036,18.628432,0.145379,13.007049,0.164967,13.587521,0.237752,10.915588,0.23514,12.57468,0.181662,FSNet
6,E+M,32.060066,1.180069,21.992145,0.490375,19.725108,0.249794,12.311195,0.313229,12.905026,0.2406,10.713247,0.220961,11.910511,0.136657,FSNet
6,E+T+M,23.358237,0.432781,16.383961,0.205134,16.938923,0.170573,12.074266,0.29593,12.574055,0.254908,10.372577,0.298681,11.472709,0.154441,FSNet
6,E,30.933501,0.081528,21.365133,0.071203,25.06187,0.031787,13.637098,0.095421,14.576323,0.050588,11.473508,0.055337,14.986691,0.046304,NBEATS+OL
6,E+T,38.119073,0.310459,28.950659,0.291083,28.442566,0.06844,25.567056,0.389251,22.201214,0.159285,19.315973,0.209522,19.002346,0.170444,NBEATS+OL
6,E+M,30.799063,0.171532,22.86363,0.146197,24.350988,0.081593,14.549461,0.099469,14.221268,0.112968,12.026802,0.048222,15.608184,0.119009,NBEATS+OL
6,E+T+M,40.35822,0.29859,31.527048,0.336623,29.654425,0.054857,26.60302,0.445002,23.542224,0.274797,21.451433,0.247249,19.769292,0.237287,NBEATS+OL
6,E,23.078533,0.414748,21.337926,0.790986,27.200382,0.642152,37.260338,4.561958,26.997544,1.813002,41.871259,5.270086,32.365936,3.230005,NBEATS
6,E+T,16.537885,0.298077,26.234086,0.514335,31.844966,0.285687,41.402782,2.903205,50.014092,2.706446,44.33635,3.309034,35.11759,1.611419,NBEATS
6,E+M,16.252577,0.058677,22.602129,0.231258,29.844085,0.365705,35.685884,0.805486,26.516745,0.586339,36.137815,0.993598,34.343392,0.68926,NBEATS
6,E+T+M,16.16092,0.355292,26.11175,0.320049,35.656641,0.192244,38.214062,1.186147,46.701938,1.348042,41.804321,0.977509,30.908146,0.509006,NBEATS
6,E,47.069949,16.595136,30.791444,15.93083,32.301025,2.708887,15.857645,2.695461,17.593686,3.054173,12.793704,1.485893,16.981209,1.427573,LSTM+OL
6,E+T,37.056053,0.595866,19.570774,0.846008,31.278134,0.990358,14.99228,1.213293,16.962266,1.027147,12.317511,1.029419,15.755482,0.54087,LSTM+OL
6,E+M,41.548545,10.818932,25.570584,8.791256,34.329261,3.025637,16.512906,4.470416,17.899072,3.052158,12.787085,1.517488,16.941672,1.437488,LSTM+OL
6,E+T+M,33.899022,1.194207,18.764543,0.528194,30.968683,1.317186,15.257661,1.690874,16.76556,1.65592,12.319103,1.0078,16.168906,1.025715,LSTM+OL
6,E,30.189051,3.431339,28.402227,5.335888,33.699941,4.256653,61.217923,8.281265,39.06056,5.371381,68.891138,9.011856,49.836841,7.258626,LSTM
6,E+M,16.169671,2.248052,27.959123,5.632592,33.319925,3.65684,88.159832,7.201361,60.692211,6.480803,96.068368,7.291312,54.328195,4.519871,LSTM
6,E+T,23.739949,1.648413,24.56625,2.914557,35.688537,1.894563,70.703386,6.480818,40.657676,5.586586,79.293523,6.990802,59.89684,5.392554,LSTM
6,E+T+M,18.746755,1.512287,26.884791,4.143734,35.489677,2.167439,64.918725,4.598252,44.958528,4.155483,71.584632,4.291334,50.8956,3.26736,LSTM
6,E+M,16.665045,0.07569258,30.613825,0.2909231,36.133332,0.2560958,90.304441,4.123212,61.46144,2.865389,111.1885,5.155487,68.061607,2.199267,XGBoost
6,E+T+M,20.96072,0.1144775,44.600409,0.237994,47.389513,0.2530378,108.324935,1.532111,72.162265,1.029308,116.353174,1.75553,95.795036,0.9634421,XGBoost
6,E+T,23.065186,0.1908506,28.871583,0.5509433,37.434965,0.749856,80.167931,3.713808,41.055411,1.834317,85.628258,3.85567,77.569817,3.13747,XGBoost
6,E,54.060498,1.531648,50.295792,1.765457,56.231197,1.636061,92.309754,5.284982,63.457718,2.391216,100.72286,5.791423,77.687984,3.387599,XGBoost
6,E,41.55897,0.030856,37.971861,0.070703,44.805864,0.04171,104.435007,0.077027,66.559894,0.076133,114.068609,0.077148,88.03455,0.077269,RF
6,E+T+M,56.913676,0.067669,44.28431,0.128483,55.204883,0.065028,106.315834,0.032247,68.830679,0.067538,115.957566,0.03205,90.026659,0.043159,RF
6,E+M,57.433343,0.420579,45.140071,0.603491,55.685983,0.328003,106.453001,0.185091,69.28687,0.220153,116.094523,0.18819,90.180449,0.155818,RF
6,E+T,84.105654,0.0834,65.622,0.154306,76.180297,0.238127,113.227368,1.256347,79.109819,0.968904,122.88483,1.253553,97.894231,1.189311,RF
6,E,26.75206511,,,,29.39520191,,40.54095703,,33.01841452,,47.36636069,,39.18027471,,VAR
6,E+M,16.29481497,,,,241.5780425,,86.27790069,,117.0855722,,101.8401919,,119.5253745,,VAR
6,E+T,25.22625143,,,,30.7779029,,37.74002649,,32.25846507,,43.52871521,,37.94602666,,VAR
6,E+T+M,15.45915789,,,,268.0174371,,101.7476053,,150.2133464,,120.7800909,,143.5483898,,VAR
6,E,28.56946098,,19.12182251,,24.15060978,,12.65254436,,13.64641297,,11.47837113,,16.34579474,,VAR+OL
6,E+M,26.52837577,,48.0339369,,240.5288925,,86.27790069,,117.0855722,,101.8401919,,119.7679527,,VAR+OL
6,E+T,26.10453804,,19.84631149,,24.16401302,,14.28690141,,14.8276657,,13.0609703,,16.11215455,,VAR+OL
6,E+T+M,25.79747614,,45.03262127,,264.0305515,,101.7476053,,150.2133464,,120.7800909,,143.7803199,,VAR+OL
7,E,11.850782,0.226263,12.729739,0.190414,10.21126,0.253017,5.685666,0.139768,5.945964,0.099883,4.075692,0.10882,6.209208,0.1192,FSNet
7,E+T,11.942649,0.168145,12.624271,0.208045,10.370505,0.104618,6.123491,0.149975,6.209175,0.060836,4.260766,0.05773,6.545399,0.09424,FSNet
7,E+M,12.412757,0.303154,13.495225,0.305448,11.172949,0.406979,5.836724,0.09784,6.092508,0.175704,4.387229,0.153051,6.649882,0.160453,FSNet
7,E+T+M,12.909093,0.282351,12.668912,0.27782,10.360818,0.182032,5.805045,0.127959,6.201354,0.119765,4.293379,0.092438,6.687807,0.121365,FSNet
7,E,17.780281,0.03606,21.628487,0.053799,20.212048,0.02901,10.479599,0.042101,10.519285,0.039177,7.28572,0.022957,11.123278,0.037541,NBEATS+OL
7,E+T,21.029043,0.204008,22.782606,0.164796,16.959563,0.082035,16.483585,0.226369,13.413732,0.097451,10.960306,0.091306,11.174734,0.093738,NBEATS+OL
7,E+M,15.357299,0.141474,19.906917,0.110018,13.813456,0.045858,9.480351,0.084168,7.125485,0.084295,6.660384,0.0706,8.289683,0.097395,NBEATS+OL
7,E+T+M,19.954589,0.177736,22.634444,0.292085,16.902384,0.086801,16.820977,0.177132,13.730453,0.1364,11.205449,0.116217,11.115964,0.081434,NBEATS+OL
7,E,12.360154,0.070391,18.545172,0.053421,19.787613,0.112547,16.907633,0.331132,21.993915,0.465505,46.257354,1.506053,16.932096,0.33804,NBEATS
7,E+T,5.29128,0.157368,17.706391,0.095419,21.812526,0.129914,85.404799,5.501122,77.3712,4.896335,108.851936,6.795439,39.17978,3.56542,NBEATS
7,E+M,6.195991,0.09754,15.433205,0.228258,16.05407,0.306362,16.036883,0.294391,16.17683,0.4251,21.330967,0.597151,14.700752,0.169953,NBEATS
7,E+T+M,6.965331,0.351363,18.776186,0.549684,23.096384,0.556971,42.95673,7.717904,37.162937,5.607154,58.56843,10.277387,24.567237,3.000166,NBEATS
7,E,22.657759,1.644019,29.946095,1.264307,31.643824,2.398292,11.190742,0.676206,11.461569,0.57499,6.978802,0.27184,12.147272,0.175499,LSTM+OL
7,E+T,20.808319,0.838999,22.666279,1.052487,17.465759,0.584193,11.547743,0.381804,11.103992,0.203064,6.892613,0.194259,10.676214,0.369749,LSTM+OL
7,E+M,24.938083,2.875189,34.856721,5.135944,32.292957,4.033177,11.472542,1.032093,11.345828,1.174034,6.991351,0.824174,11.625738,1.228636,LSTM+OL
7,E+T+M,23.78884,3.482091,28.957086,3.400556,27.926255,2.051897,12.621768,0.65945,11.850335,0.343531,7.514372,0.159219,11.689036,0.426531,LSTM+OL
7,E,11.365787,1.682566,17.838866,2.291987,24.160879,0.930354,19.520295,2.413908,20.983696,2.475106,28.758953,3.773367,18.239142,1.894742,LSTM
7,E+M,7.947425,1.404205,17.803958,2.000304,24.578009,0.916636,33.886744,5.981901,33.9881,4.983176,41.127901,6.523572,20.204716,2.507109,LSTM
7,E+T,10.859945,1.191667,17.231745,1.787405,23.591741,1.353593,16.118399,1.560891,17.463797,1.548192,22.872619,1.73134,16.01448,1.036264,LSTM
7,E+T+M,8.783551,1.397364,19.193759,1.911136,25.48922,1.486101,24.619841,3.529754,25.206042,2.982117,32.339625,4.445871,17.956162,2.005737,LSTM
7,E+T,8.322691,0.06878162,17.435039,0.1510678,22.304903,0.2291397,20.99369,0.5022955,23.922695,0.5882772,36.698406,0.6043449,17.969137,0.163009,XGBoost
7,E,14.596181,0.07337024,22.186641,0.09366836,27.304108,0.1259185,25.783114,0.2821818,28.895014,0.3433283,44.537418,0.5686453,23.093222,0.2290886,XGBoost
7,E+M,30.488693,0.07858256,35.911006,0.08136746,43.579554,0.08683813,33.759479,0.4636452,36.57165,0.3866824,53.41457,0.7001069,30.786859,0.2497689,XGBoost
7,E+T+M,50.003213,0.0350511,52.862801,0.030412,60.925835,0.02144153,41.976062,0.08669903,47.046751,0.08644632,60.182589,0.1256266,44.137321,0.07362371,XGBoost
7,E+T,26.016105,0.089913,32.42558,0.087431,39.430706,0.086091,22.041154,0.085134,26.028733,0.082684,42.632343,0.113965,21.105135,0.050984,RF
7,E+M,31.453444,0.110497,37.087279,0.090751,44.903072,0.113234,21.3995,0.262312,25.984277,0.205255,37.85272,0.093561,22.305028,0.124026,RF
7,E,31.627862,0.042614,37.245073,0.051139,45.010753,0.048122,19.115938,0.108165,24.286892,0.090946,37.101857,0.067568,21.549717,0.082041,RF
7,E+T+M,31.816243,0.077729,37.382171,0.07665,45.338514,0.087819,23.557442,1.044112,27.4058,0.741405,37.883954,0.24116,23.12964,0.419615,RF
7,E,15.02279132,,,,26.03050102,,21.10405325,,22.97518236,,28.1244551,,19.77717947,,VAR
7,E+M,6.302497025,,,,133.6572547,,74.39902411,,64.21126711,,46.62631842,,74.34941491,,VAR
7,E+T,14.96358385,,,,25.51739415,,22.7125304,,24.72442819,,28.6455187,,20.34194089,,VAR
7,E+T+M,6.21400531,,,,130.5923391,,75.14762731,,62.726121,,46.12249462,,68.92424167,,VAR
7,E,15.49546676,,21.0724079,,19.47027607,,14.77757175,,10.99403069,,8.13963165,,12.38210012,,VAR+OL
7,E+M,7.645349245,,18.79456335,,132.1194174,,79.83803291,,64.21126711,,45.27057987,,74.34941491,,VAR+OL
7,E+T,15.18688618,,21.16467952,,19.69327345,,12.67525498,,10.40728128,,8.774017177,,12.9251531,,VAR+OL
7,E+T+M,7.621977778,,18.93426225,,128.7771401,,81.12448058,,62.726121,,44.64072703,,68.92424167,,VAR+OL
8,E,5.845063,0.099997,5.709688,0.092189,5.766921,0.079316,13.591453,0.398247,14.442837,0.378249,11.811269,0.252297,9.096748,0.17158,FSNet
8,E+T,5.801778,0.085607,5.7245,0.092987,5.67451,0.06457,12.462316,0.163682,12.867332,0.189078,10.897219,0.109611,8.588741,0.107468,FSNet
8,E+M,5.606279,0.061024,5.203145,0.063321,5.265225,0.054803,11.797139,0.27785,12.503368,0.208672,10.458281,0.053587,8.101569,0.070569,FSNet
8,E+T+M,7.343178,0.098669,6.84317,0.14063,7.058954,0.166687,14.480976,0.814164,14.43797,0.522047,11.458779,0.343012,8.87683,0.238591,FSNet
8,E,6.439785,0.006466,8.106372,0.016611,7.903509,0.007231,15.744427,0.037587,18.05912,0.046884,16.478651,0.041526,13.752187,0.027243,NBEATS+OL
8,E+T,7.119611,0.038537,7.792463,0.0746,8.180553,0.037226,19.396689,0.074456,18.029724,0.080992,16.903126,0.097669,12.786279,0.053807,NBEATS+OL
8,E+M,5.901933,0.02634,7.644505,0.055348,7.017049,0.023602,16.41092,0.091804,17.907323,0.059729,17.414932,0.10723,13.795899,0.054963,NBEATS+OL
8,E+T+M,6.99637,0.060591,7.831046,0.086417,8.025953,0.040309,18.369686,0.100636,17.845929,0.071421,17.743393,0.172131,13.288911,0.067185,NBEATS+OL
8,E,5.180216,0.011002,7.228731,0.022004,11.715022,0.301829,87.358085,4.892637,106.987537,6.039205,83.101358,4.642028,61.627698,3.343298,NBEATS
8,E+T,2.14331,0.134701,6.926613,0.150099,12.307847,0.195152,84.76843,1.963995,110.956207,2.227766,77.966303,1.875904,59.285292,1.42748,NBEATS
8,E+M,4.220573,0.614305,7.244559,0.333446,11.665726,2.282771,76.237431,29.025027,92.947204,35.348019,73.378811,27.749414,53.641586,20.853624,NBEATS
8,E+T+M,2.171419,0.073722,7.473914,0.200419,16.453032,0.153912,134.570454,1.720835,173.043005,1.958133,126.761884,1.842031,95.06046,1.472519,NBEATS
8,E,8.340169,0.899981,12.104912,2.182698,11.418756,0.708397,21.360795,3.549706,22.479668,3.784258,17.600388,2.708066,13.48538,1.507952,LSTM+OL
8,E+T,7.589362,0.058151,9.480306,0.122432,12.495214,0.664004,38.268173,7.037598,33.485449,6.598471,23.08839,5.048815,14.347242,1.391699,LSTM+OL
8,E+M,7.678661,0.214807,10.612658,0.44343,10.750403,0.405741,21.66799,7.067804,22.053986,4.443324,17.35585,2.112782,13.458336,1.55409,LSTM+OL
8,E+T+M,7.34209,0.121289,9.90196,0.231372,10.213033,0.415015,22.175134,4.742884,20.999971,1.988087,18.310623,1.347476,13.227436,0.914188,LSTM+OL
8,E,5.747181,0.967012,7.591565,0.843991,18.015251,0.88435,180.272333,3.221334,220.826656,3.918131,171.096223,3.120946,125.25869,3.096049,LSTM
8,E+M,4.346098,0.428303,7.802833,0.701871,18.052387,0.423954,185.040988,1.959571,227.540651,1.797204,175.75482,2.094597,127.559704,2.23383,LSTM
8,E+T,4.496795,0.231969,6.982779,0.510684,17.823145,0.546973,181.813174,2.901589,224.164027,3.31049,172.396437,2.876276,123.948544,2.46806,LSTM
8,E+T+M,4.280211,0.374755,7.831276,0.492098,18.522054,0.354306,185.39487,2.816704,228.290164,2.975015,176.474902,2.997586,128.005444,2.21624,LSTM
8,E+T,5.174179,0.05822122,8.420499,0.05606741,19.160698,0.1276075,189.344949,0.9517364,232.74266,1.053089,180.149062,1.003079,130.904623,0.8113416,XGBoost
8,E,6.055254,0.04350366,8.219266,0.06723529,19.123867,0.07752579,188.565065,0.5567749,231.481547,0.5595718,179.206493,0.5583259,131.049642,0.5566528,XGBoost
8,E+T+M,7.882258,0.06275364,10.385221,0.08693506,21.364096,0.07112607,192.141009,0.5206642,235.06598,0.5053289,182.232524,0.5605532,134.751177,0.5296306,XGBoost
8,E+M,8.388431,0.09383154,10.686993,0.1306837,21.819378,0.0819253,191.201264,0.9282703,234.225157,0.8635999,180.251958,0.9436286,134.809515,0.8771574,XGBoost
8,E+M,6.160481,0.023914,8.398699,0.032952,19.490614,0.02624,191.758418,0.078873,234.626648,0.077752,182.226221,0.074198,134.4887,0.071199,RF
8,E,8.355233,0.008343,10.375707,0.015561,21.39762,0.008496,192.455354,0.013647,235.330726,0.013647,182.872892,0.013647,134.853846,0.013647,RF
8,E+T,12.72569,0.016145,13.96868,0.022067,25.254942,0.016902,193.532954,0.05934,236.408329,0.05934,183.950488,0.05934,135.931448,0.05934,RF
8,E+T+M,12.905613,0.045099,14.101668,0.046507,25.426005,0.045787,193.730474,0.026058,236.610153,0.025936,184.14775,0.026285,136.146673,0.027046,RF
8,E,5.045463996,,,,12.70079918,,89.64251112,,107.1660416,,87.43474421,,61.36688033,,VAR
8,E+M,2.557368292,,,,200.4249954,,146.0271465,,151.4051921,,167.7965062,,101.0015887,,VAR
8,E+T,4.967965756,,,,14.73631272,,101.8571518,,119.6361215,,101.8258124,,70.37800797,,VAR
8,E+T+M,2.408665919,,,,198.0391148,,145.2510836,,154.3889971,,166.3508933,,105.8458054,,VAR
8,E,5.086591389,,7.677300571,,7.862824624,,16.26701742,,17.79830062,,15.63750148,,12.72663899,,VAR+OL
8,E+M,2.74249143,,7.915371725,,200.1835532,,146.0271465,,151.4051921,,167.7965062,,101.0015887,,VAR+OL
8,E+T,5.029004816,,7.838383032,,7.880225587,,16.14598655,,17.72015993,,15.79893791,,12.74622036,,VAR+OL
8,E+T+M,2.946530168,,8.171544133,,197.3005768,,145.2510836,,154.3889971,,166.3508933,,105.8458054,,VAR+OL
9,E,6.565978,0.208333,6.570525,0.213272,4.683589,0.108616,2.31412,0.115814,3.559609,0.116585,1.931069,0.040333,4.312141,0.143846,FSNet
9,E+T,7.204938,0.168131,7.599184,0.210388,5.536593,0.084542,2.261674,0.070405,4.614683,0.117104,2.190979,0.050426,5.287158,0.150942,FSNet
9,E+M,7.078067,0.230376,6.78868,0.245512,5.090145,0.090618,2.31337,0.110466,4.2091,0.142085,2.071323,0.037931,5.171639,0.192481,FSNet
9,E+T+M,7.395835,0.219617,7.297017,0.218574,5.531316,0.116498,2.439967,0.096058,4.357091,0.098547,2.099316,0.046783,4.659977,0.167688,FSNet
9,E,11.743601,0.05921,14.312033,0.034028,11.441166,0.021544,3.984408,0.039696,10.865458,0.026796,3.501579,0.010764,11.531148,0.038599,NBEATS+OL
9,E+T,9.205899,0.050883,12.975899,0.055325,8.528847,0.028016,9.655636,0.039788,9.339007,0.083346,5.822701,0.073681,9.007785,0.058653,NBEATS+OL
9,E+M,7.408176,0.037368,9.754165,0.063225,6.562645,0.039739,7.591463,0.129686,6.084196,0.064206,3.923152,0.037611,6.815182,0.070388,NBEATS+OL
9,E+T+M,10.791667,0.096756,14.135221,0.083761,9.204889,0.061519,9.905379,0.192972,9.871948,0.078242,5.994057,0.128192,9.54743,0.113292,NBEATS+OL
9,E,7.412312,0.037236,11.361479,0.094172,10.467123,0.079645,21.88603,1.155855,15.14998,0.332586,23.248289,0.824085,11.893342,0.200708,NBEATS
9,E+T,2.311927,0.128391,10.617273,0.228549,7.044718,0.153294,38.998492,4.974473,24.214076,3.058665,34.585795,5.385964,14.620907,1.455274,NBEATS
9,E+M,2.536001,0.041249,7.554409,0.064449,5.47494,0.07982,25.727084,0.651594,11.17934,0.296878,22.386044,0.535198,8.388801,0.074768,NBEATS
9,E+T+M,2.446256,0.07041,9.969619,0.119525,6.445081,0.051285,37.492678,1.507646,22.952027,0.82733,33.780073,1.475878,14.34049,0.504583,NBEATS
9,E,20.963124,2.099012,22.478524,4.373455,43.964928,24.663369,6.673511,2.940748,22.121654,5.877005,20.358598,20.472906,47.154626,50.462121,LSTM+OL
9,E+T,12.818787,0.21565,15.435579,0.217726,13.263014,1.000766,3.561482,0.822013,14.88103,0.601909,4.290848,0.144051,16.0262,0.634889,LSTM+OL
9,E+M,19.759928,1.031651,20.883695,0.93983,19.57277,0.898759,6.97769,12.329508,16.243087,5.016386,3.957845,0.170854,16.901862,3.11174,LSTM+OL
9,E+T+M,12.483181,0.500698,14.494974,0.233719,12.15606,0.144757,4.654651,0.952547,13.829462,2.109676,4.348383,0.285776,14.540491,1.198907,LSTM+OL
9,E,5.339597,0.558199,8.855536,0.969288,6.911944,0.670437,30.411213,2.304541,16.470614,0.9638,27.007138,1.999173,10.762512,0.687746,LSTM
9,E+M,4.323831,0.589614,9.719265,0.971246,7.81663,0.683749,23.374083,2.321675,16.98864,0.915168,19.839618,2.309892,13.111262,0.274141,LSTM
9,E+T,6.018977,1.16923,8.713217,1.050392,7.132173,1.056351,30.947542,3.973406,16.265117,1.522866,27.569942,3.143617,11.386387,0.976371,LSTM
9,E+T+M,5.066982,3.782475,10.479406,2.879671,8.2138,3.301649,25.600789,8.579594,20.846955,3.991847,21.817353,8.146931,15.041266,1.975146,LSTM
9,E+T+M,4.420111,0.01457588,9.572464,0.02050398,7.439802,0.01883857,22.693472,0.2000282,14.656397,0.0879269,18.869835,0.1970067,10.405971,0.04490111,XGBoost
9,E+T,9.843789,0.1090085,14.693588,0.1202373,12.916814,0.1595683,33.715054,1.052437,18.190618,0.7134509,30.75144,0.9743858,13.271183,0.1526089,XGBoost
9,E,19.191675,0.3133541,22.556905,0.3144019,21.741286,0.3325885,35.413559,0.8135361,22.098547,0.385284,31.106188,0.6974796,19.396034,0.343733,XGBoost
9,E+M,25.37801,0.2041332,27.881235,0.2535096,27.828348,0.2180713,34.596562,0.5808688,26.386069,0.3067107,30.421262,0.5838887,25.029574,0.2675014,XGBoost
9,E+T+M,13.021604,0.0334,16.403007,0.034672,15.173308,0.038108,32.514307,0.073354,20.22782,0.163619,28.384573,0.071097,15.5443,0.151316,RF
9,E+M,14.416733,0.036295,17.461267,0.042812,16.545323,0.046361,31.839822,0.097512,19.989812,0.24542,27.711618,0.111589,15.937717,0.201337,RF
9,E+T,22.290721,0.000039,22.697665,0.002403,23.757295,0.00143,20.023718,0.012341,19.697558,0.004591,15.948455,0.011728,19.167664,0.003687,RF
9,E,22.291777,0.000628,22.718749,0.009972,23.769682,0.005919,20.124456,0.047877,19.735615,0.018125,16.045006,0.045817,19.198465,0.014666,RF
9,E,9.51034685,,,,11.60713201,,27.28508147,,16.61099612,,19.0535831,,11.45319924,,VAR
9,E+M,4.141591039,,,,12.97818863,,21.95861668,,20.14695194,,15.6421097,,20.03139263,,VAR
9,E+T,9.406668586,,,,11.31253165,,26.49565845,,16.01341379,,18.17934596,,11.35253881,,VAR
9,E+T+M,4.049111639,,,,12.61706617,,17.649487,,17.52882974,,13.43466411,,19.72733342,,VAR
9,E,9.337010873,,12.46760609,,10.19350085,,8.51857587,,10.29180273,,5.828395686,,12.22769015,,VAR+OL
9,E+M,5.225669766,,13.77461301,,11.05051814,,5.742718334,,10.6506523,,6.180979257,,12.67711839,,VAR+OL
9,E+T,9.326787453,,12.46085236,,10.25011519,,8.263162533,,9.656604067,,5.619363198,,11.64561365,,VAR+OL
9,E+T+M,5.190344474,,13.45230699,,10.92599717,,5.560488383,,11.09854285,,6.138317435,,12.62473572,,VAR+OL
10,E,8.196242,0.153771,5.89966,0.11386,5.474088,0.052472,4.109209,0.077817,4.676136,0.056396,4.249052,0.054924,4.878098,0.0419,FSNet
10,E+T,9.248881,0.153826,7.219419,0.153875,6.339866,0.076182,4.756007,0.070223,5.347813,0.06745,4.818464,0.069415,5.267254,0.06962,FSNet
10,E+M,8.094491,0.125559,5.722819,0.20327,5.590147,0.061651,4.157154,0.071625,4.721715,0.097332,4.403304,0.054716,5.127227,0.079617,FSNet
10,E+T+M,9.74157,0.221859,7.596594,0.127729,7.184702,0.10695,5.228101,0.078366,5.714522,0.094067,5.56257,0.0826,6.298801,0.065534,FSNet
10,E,10.936214,0.042169,7.527537,0.028973,8.885793,0.011263,5.52892,0.033822,5.497518,0.017805,6.302027,0.01525,7.410493,0.013338,NBEATS+OL
10,E+T,16.441151,0.100577,14.368491,0.261082,11.701008,0.064242,11.296343,0.215816,10.826566,0.29149,10.427135,0.170893,10.294332,0.133809,NBEATS+OL
10,E+M,11.379631,0.136751,9.302376,0.163566,9.359434,0.071277,6.985712,0.093153,6.897708,0.103976,6.811536,0.079145,8.181085,0.085738,NBEATS+OL
10,E+T+M,15.408048,0.218228,13.226204,0.192883,11.077701,0.069924,11.83035,0.328014,9.982282,0.248616,10.122499,0.143687,9.846294,0.118718,NBEATS+OL
10,E,8.493908,0.026837,7.34681,0.049432,10.65184,0.133699,22.139132,1.065945,17.582475,0.680375,18.414784,0.749391,14.460846,0.406835,NBEATS
10,E+T,4.131085,0.182399,11.206953,0.238625,11.535015,0.229747,38.040356,5.802823,31.804684,4.66512,36.592974,5.750183,22.661335,3.157953,NBEATS
10,E+M,5.723373,0.013901,8.252577,0.042369,9.753181,0.079714,18.128137,0.396624,11.727342,0.37067,14.623766,0.304405,14.135428,0.170192,NBEATS
10,E+T+M,3.874092,0.241384,10.524659,0.174688,11.64692,0.168463,43.925829,7.957273,29.580585,5.39048,39.008792,7.85112,26.562361,4.065704,NBEATS
10,E,18.860129,6.434579,16.204905,5.494149,12.59762,2.282222,6.466008,1.452182,6.831799,1.265178,7.132449,1.174453,8.320383,0.686219,LSTM+OL
10,E+T,10.901582,0.168333,7.81141,0.19404,9.088254,0.038952,5.508482,0.117004,5.817345,0.164995,6.059536,0.148368,7.670219,0.10396,LSTM+OL
10,E+M,13.007904,1.874049,9.564088,0.950936,12.022997,2.009938,6.137158,1.617217,6.839409,1.307752,6.60126,0.574771,8.174911,0.619488,LSTM+OL
10,E+T+M,11.290809,0.154457,8.098826,0.142069,9.147568,0.066634,5.43102,0.198131,5.807776,0.068786,6.055955,0.112556,7.719499,0.096987,LSTM+OL
10,E,10.080097,0.918181,9.69462,1.193407,12.649113,0.732434,29.335305,1.27705,22.267848,1.056282,23.595539,1.064592,17.54379,0.951791,LSTM
10,E+M,7.345713,0.692119,10.356587,1.427617,12.378749,1.050723,35.713348,2.854311,29.251922,3.369615,31.883782,3.063689,22.419575,3.074178,LSTM
10,E+T,9.735455,1.074978,9.081339,1.104173,13.037112,0.583645,28.378959,2.392845,19.545917,2.059704,21.8461,2.128554,18.284507,1.449191,LSTM
10,E+T+M,4.734245,0.265264,9.362456,0.624335,11.303358,0.410394,39.188755,3.051799,30.308437,2.45135,36.933439,3.042345,25.617687,2.598235,LSTM
10,E,3.731963,0.09972168,14.155504,0.3158106,13.370819,0.5793472,29.957791,3.178336,23.316416,2.158664,26.129808,2.391851,20.590037,1.303505,XGBoost
10,E+T+M,12.843681,0.06171842,15.429246,0.1187776,19.948423,0.1186259,48.344861,0.544769,38.721134,0.5064886,41.637624,0.6950458,31.626961,0.4531316,XGBoost
10,E+M,24.904206,0.001400157,26.00192,0.01075995,31.066483,0.01572984,61.329238,0.1723102,51.753102,0.1317321,54.708609,0.1562057,43.461614,0.0770487,XGBoost
10,E+T,37.613404,0.2899409,35.005828,0.692029,40.07291,0.773753,62.376868,1.387221,53.247142,1.347887,55.156112,1.369256,46.812061,1.183625,XGBoost
10,E+M,15.494972,1.007299,13.926731,0.359489,18.910331,0.43001,43.713881,0.202662,34.498176,0.178395,36.521914,0.213698,27.457903,0.130334,RF
10,E,20.756437,0.044817,16.076333,0.073227,21.23908,0.050889,42.695883,0.027389,33.590633,0.029925,35.538618,0.027228,27.31331,0.031195,RF
10,E+T+M,20.753181,0.037749,16.123036,0.058965,21.222985,0.044723,42.716077,0.035634,33.615009,0.035771,35.580375,0.034961,27.366499,0.04495,RF
10,E+T,35.501079,0.012127,28.824999,0.028686,31.738011,0.066994,42.905261,0.278627,35.510753,0.212637,36.538659,0.242357,32.061377,0.161579,RF
10,E,8.426462973,,,,10.32682464,,14.40751206,,14.33339401,,15.493838,,12.93324253,,VAR
10,E+M,4.997148553,,,,16.19411289,,33.8534447,,38.0690173,,42.34030101,,27.37126643,,VAR
10,E+T,7.888072662,,,,10.82094467,,16.12601139,,12.79870552,,15.76109856,,15.11017047,,VAR
10,E+T+M,4.775740383,,,,15.82468118,,35.70161554,,38.23721201,,45.4375899,,30.30762548,,VAR
10,E,9.190633107,,7.996049817,,8.426859189,,5.416684333,,5.797370203,,6.373797362,,7.493802313,,VAR+OL
10,E+M,6.671298256,,13.56375795,,12.96739559,,13.13916989,,10.5189675,,9.895043648,,11.60572704,,VAR+OL
10,E+T,8.272838934,,7.575999851,,8.150575045,,5.758319792,,6.155042709,,6.575757032,,7.202153067,,VAR+OL
10,E+T+M,6.537748877,,13.14874412,,12.62180219,,12.18502393,,9.963348786,,9.531294839,,10.8952645,,VAR+OL
11,E,6.404527,0.119302,5.009456,0.195883,4.614986,0.079521,2.387149,0.055265,2.41095,0.048738,1.793709,0.040772,2.657433,0.061315,FSNet
11,E+T,5.401328,0.075064,4.548581,0.057712,4.096511,0.067861,2.148212,0.035319,2.174974,0.040376,1.69795,0.026491,2.419337,0.039208,FSNet
11,E+M,6.222268,0.072545,5.215554,0.055678,4.579156,0.055608,2.207211,0.02587,2.176719,0.022295,1.711148,0.017649,2.459215,0.024959,FSNet
11,E+T+M,6.066849,0.063213,5.162951,0.079727,4.65306,0.054313,2.519744,0.024808,2.613956,0.031545,1.937586,0.021473,2.796224,0.028514,FSNet
11,E,7.220014,0.018002,6.323483,0.027661,5.950017,0.011996,3.15052,0.016407,3.171541,0.010973,2.190602,0.010028,3.553958,0.006865,NBEATS+OL
11,E+T,6.036716,0.041725,5.90208,0.088242,5.814226,0.027295,5.942952,0.083571,4.529977,0.056506,3.892842,0.037313,4.100308,0.050625,NBEATS+OL
11,E+M,5.663527,0.02981,6.14011,0.065732,5.362995,0.032064,3.261354,0.034938,2.920097,0.012141,2.406078,0.021116,3.506688,0.023835,NBEATS+OL
11,E+T+M,6.145073,0.024354,6.368529,0.057738,5.921745,0.019461,5.908294,0.057547,4.561859,0.031018,4.030497,0.04231,4.388842,0.037097,NBEATS+OL
11,E,5.161064,0.010921,4.829009,0.014383,6.239717,0.02134,13.769787,0.106146,13.859995,0.107454,16.813781,0.169176,13.933994,0.121168,NBEATS
11,E+T,2.830267,0.042293,6.615425,0.214179,6.492364,0.045232,49.028441,0.953948,44.634835,0.852027,52.688964,0.990245,29.111591,0.739285,NBEATS
11,E+M,3.871412,0.102315,7.125351,0.485087,8.116413,0.655314,7.723905,0.649724,8.097761,0.637844,8.967638,0.705095,9.886244,0.760288,NBEATS
11,E+T+M,2.695191,0.053576,8.106979,0.166096,7.609313,0.206665,37.958261,1.903335,38.374505,1.753437,42.942787,2.048961,20.375155,1.551326,NBEATS
11,E,10.440703,0.92605,11.617879,1.360695,9.460453,0.885021,3.481824,0.306603,3.496799,0.375726,2.270086,0.141574,4.062745,0.276598,LSTM+OL
11,E+T,7.891388,1.093941,6.381454,0.763104,6.096819,0.466473,3.129602,0.178462,2.993139,0.051302,2.104111,0.029318,4.490703,0.131757,LSTM+OL
11,E+M,10.964494,1.02417,11.562424,1.654564,10.186598,1.037473,3.565825,0.473177,4.028267,0.566467,2.671529,0.416387,4.25373,0.104714,LSTM+OL
11,E+T+M,10.288079,0.97355,10.623349,1.136746,9.176176,1.289112,3.705614,0.268952,3.995173,0.403515,2.752871,0.297296,4.331038,0.184622,LSTM+OL
11,E,5.163669,0.404059,4.349992,0.335741,5.574373,0.262017,8.303061,0.784557,8.901247,0.685109,9.306108,0.783107,9.279542,0.720638,LSTM
11,E+M,4.175272,0.268616,7.139663,0.656716,5.94986,0.351473,10.793099,2.871512,12.199551,2.133753,10.481846,3.011764,10.893595,1.566359,LSTM
11,E+T,6.562859,0.475724,6.701712,0.56807,7.608976,0.54583,12.285582,1.517864,13.60731,1.610641,14.195273,1.758148,11.441723,1.287952,LSTM
11,E+T+M,4.72,0.077484,7.010976,0.289787,6.598776,0.128308,12.458884,0.824865,13.802017,0.797407,13.848921,1.067773,9.873819,0.730826,LSTM
11,E+M,1.212752,0.004692456,5.148527,0.01274854,4.79968,0.01204604,21.161949,0.2145332,20.040197,0.2260703,22.945994,0.2183441,16.494275,0.1554984,XGBoost
11,E+T+M,6.714189,0.06855486,7.366752,0.1293103,8.008859,0.1068498,18.255742,0.8645465,17.794975,0.6983362,21.425193,0.8977503,15.94697,0.520382,XGBoost
11,E,8.133099,0.007277424,7.942009,0.008510822,8.962086,0.009139912,16.561598,0.03930108,16.701977,0.04219162,18.670681,0.04268905,16.800783,0.03759381,XGBoost
11,E+T,8.420099,0.1345852,8.490288,0.2603797,9.108575,0.2041533,13.796492,0.5578589,14.352379,0.5179649,15.926101,0.5401166,13.783615,0.6451396,XGBoost
11,E+T+M,8.983557,0.07509,9.128098,0.099067,9.354543,0.070037,14.703557,0.150321,14.7421,0.124208,16.809719,0.1641,14.358356,0.104091,RF
11,E+T,10.663525,0.023858,10.459991,0.032474,10.142341,0.025716,11.859575,0.053703,12.051669,0.051778,13.867634,0.055432,12.130409,0.048557,RF
11,E+M,10.367096,0.057565,10.545645,0.069378,10.197752,0.040279,13.145304,0.074624,13.225973,0.071518,15.265563,0.07757,12.82138,0.07479,RF
11,E,14.440882,0.000247,14.229485,0.003178,13.269291,0.010903,10.696899,0.091191,11.161563,0.08395,12.586474,0.096543,11.42032,0.081629,RF
11,E,6.60590629,,,,7.457649882,,10.90375471,,12.1140148,,10.94412652,,12.39410471,,VAR
11,E+M,3.167944453,,,,10.20702228,,15.04809768,,17.25098467,,13.50810755,,15.16375674,,VAR
11,E+T,6.643285535,,,,8.243215143,,10.54118607,,14.00337955,,11.40342091,,9.44134551,,VAR
11,E+T+M,3.101584471,,,,10.9196881,,16.73322425,,21.78389091,,14.63472274,,15.06892031,,VAR
11,E,6.618057522,,6.583268592,,6.975572648,,4.764149433,,3.582418713,,2.908897517,,4.221611103,,VAR+OL
11,E+M,4.339672197,,8.862764129,,8.830596021,,7.962810299,,6.749300843,,6.678646039,,7.601290618,,VAR+OL
11,E+T,6.735254093,,6.787106389,,6.817393955,,4.440849922,,3.555404519,,2.798985488,,4.120793899,,VAR+OL
11,E+T+M,4.316435945,,9.466568294,,8.928419559,,7.884420605,,6.931254266,,6.901670676,,7.694499856,,VAR+OL
12,E,0.08548,0.001036,0.143541,0.001695,0.265837,0.00375,0.301141,0.005725,0.563077,0.013764,0.313246,0.006068,0.21676,0.005089,FSNet
12,E+T,0.078818,0.001661,0.130371,0.000739,0.227123,0.001452,0.271532,0.005284,0.500539,0.008691,0.283083,0.004316,0.207988,0.002158,FSNet
12,E+M,0.082619,0.001056,0.139963,0.00107,0.251955,0.002744,0.290697,0.003965,0.535489,0.004932,0.301517,0.00344,0.213122,0.002648,FSNet
12,E+T+M,0.082424,0.001017,0.132253,0.001257,0.219908,0.001801,0.258921,0.002791,0.471654,0.002413,0.269272,0.001882,0.201513,0.00078,FSNet
12,E,0.094332,0.00032,0.182874,0.000512,0.371231,0.000509,0.423733,0.000892,0.815776,0.000744,0.461483,0.000683,0.279153,0.000363,NBEATS+OL
12,E+T,0.104697,0.000364,0.174787,0.00045,0.341361,0.0003,0.433783,0.000763,0.792454,0.001282,0.463954,0.000891,0.276149,0.000608,NBEATS+OL
12,E+M,0.095737,0.000728,0.172929,0.000781,0.342747,0.000465,0.39007,0.000429,0.752676,0.001205,0.41461,0.000822,0.26979,0.000652,NBEATS+OL
12,E+T+M,0.107233,0.000539,0.177857,0.000758,0.340055,0.000316,0.430051,0.000797,0.784089,0.00068,0.457231,0.000875,0.273499,0.000355,NBEATS+OL
12,E,0.081728,0.000128,0.17252,0.000349,0.378563,0.001071,0.522728,0.006046,1.027089,0.008836,0.651578,0.0081,0.541766,0.010768,NBEATS
12,E+T,0.057299,0.00051,0.168343,0.000612,0.403839,0.001066,0.643073,0.021054,1.083252,0.004174,0.679814,0.015814,0.478564,0.008006,NBEATS
12,E+M,0.065318,0.001774,0.177546,0.002794,0.399307,0.006377,0.538074,0.015182,1.10156,0.034766,0.663434,0.024797,0.548696,0.022325,NBEATS
12,E+T+M,0.038456,0.000543,0.173934,0.000838,0.387365,0.001567,0.667243,0.047651,0.986375,0.011301,0.672074,0.038311,0.464003,0.017919,NBEATS
12,E,0.103033,0.002708,0.209888,0.004762,0.43982,0.010593,0.45702,0.032089,1.037211,0.147953,0.617515,0.152968,0.365948,0.075827,LSTM+OL
12,E+T,0.106074,0.004548,0.204644,0.005082,0.398149,0.007964,0.432246,0.004726,0.920337,0.020521,0.505587,0.007616,0.313839,0.009502,LSTM+OL
12,E+M,0.110498,0.018761,0.223932,0.023888,0.457234,0.031322,0.454193,0.01816,0.999783,0.060292,0.578969,0.132591,0.386581,0.149068,LSTM+OL
12,E+T+M,0.102728,0.003739,0.18909,0.013394,0.395864,0.007773,0.433968,0.00491,0.936735,0.020301,0.504189,0.006992,0.310085,0.009621,LSTM+OL
12,E,0.098598,0.005326,0.185958,0.016371,0.43556,0.01092,0.627592,0.02775,1.197653,0.027256,0.765011,0.026737,0.621981,0.028783,LSTM
12,E+M,0.074058,0.001181,0.1611,0.003503,0.421445,0.005767,0.611413,0.020099,1.147161,0.03031,0.74496,0.021903,0.61484,0.022384,LSTM
12,E+T,0.113983,0.071433,0.19156,0.082945,0.442659,0.074575,0.623366,0.081518,1.184465,0.055365,0.768504,0.076011,0.637884,0.086173,LSTM
12,E+T+M,0.08439,0.001195,0.157159,0.003583,0.418795,0.003537,0.611624,0.014238,1.176682,0.013898,0.755497,0.017038,0.637899,0.019562,LSTM
12,E+T,0.098854,0.000211568,0.175711,0.000264866,0.397377,0.000513491,0.503214,0.001278248,1.103051,0.001632051,0.670938,0.001367966,0.532251,0.001639345,XGBoost
12,E,0.120185,0.000168825,0.190772,0.000252737,0.411207,0.000255734,0.536205,0.001288588,1.139805,0.001360172,0.706443,0.001131298,0.566324,0.001353786,XGBoost
12,E+T+M,0.120868,0.000198892,0.203646,0.000200414,0.433832,0.000196822,0.640553,0.000807895,1.273852,0.000539619,0.822551,0.000746018,0.677583,0.000651133,XGBoost
12,E+M,0.137869,0.000107248,0.213239,0.000215018,0.442039,0.000242606,0.647787,0.000125858,1.274302,0.000251248,0.829372,0.000301847,0.682986,0.000427455,XGBoost
12,E,0.097041,0.000164,0.185872,0.00057,0.424652,0.000565,0.652996,0.003293,1.286368,0.003303,0.837597,0.003303,0.688472,0.003303,RF
12,E+M,0.099177,0.00049,0.196922,0.000808,0.441686,0.000946,0.70279,0.002614,1.33651,0.002581,0.887281,0.002603,0.739249,0.00257,RF
12,E+T,0.10945,0.000061,0.211856,0.000148,0.459093,0.000292,0.72792,0.00087,1.361302,0.000867,0.912538,0.000869,0.763432,0.000874,RF
12,E+T+M,0.110386,0.000054,0.214098,0.000083,0.462823,0.000115,0.742993,0.000432,1.376379,0.00043,0.927624,0.000433,0.778477,0.000426,RF
12,E,0.103717973,,,,0.389345667,,0.455030221,,0.912015005,,0.523565702,,0.370806678,,VAR
12,E+M,0.076764936,,,,0.45677469,,0.503337194,,1.032595196,,0.600676407,,0.428253667,,VAR
12,E+T,0.103857978,,,,0.388438326,,0.452806977,,0.909763748,,0.521528489,,0.369103219,,VAR
12,E+T+M,0.075101754,,,,0.453604245,,0.497145755,,1.01840925,,0.595796602,,0.426842386,,VAR
12,E,0.099690771,,0.170627013,,0.355153547,,0.420736657,,0.789754592,,0.473758269,,0.326697017,,VAR+OL
12,E+M,0.091316016,,0.215640962,,0.373411333,,0.463516198,,0.818730854,,0.495902265,,0.346373473,,VAR+OL
12,E+T,0.098799652,,0.170841323,,0.354858347,,0.416124783,,0.786375578,,0.467322593,,0.325945517,,VAR+OL
12,E+T+M,0.089045753,,0.217889317,,0.372447244,,0.463660002,,0.809984616,,0.497904843,,0.342789785,,VAR+OL
13,E,18.570781,0.351096,15.502002,0.158121,16.884751,0.319606,15.049873,0.276187,15.165298,0.203313,12.972191,0.193368,12.216871,0.442633,FSNet
13,E+T,17.81014,0.218009,15.343583,0.20036,17.130358,0.220361,15.805209,0.289104,15.54287,0.294736,12.935395,0.192502,14.574744,0.498983,FSNet
13,E+M,20.501671,0.382708,16.792707,0.475501,17.291558,0.197486,15.082224,0.172561,15.091494,0.313651,12.817153,0.158995,12.147672,0.458259,FSNet
13,E+T+M,18.753572,0.183383,16.199524,0.133429,18.311921,0.170739,17.296643,0.245606,16.595504,0.252007,13.798973,0.199598,16.118973,0.834915,FSNet
13,E,22.986511,0.081321,18.982652,0.089126,24.453502,0.056221,20.085673,0.069484,19.766473,0.069596,17.051073,0.045744,17.672476,0.161482,NBEATS+OL
13,E+T,27.625472,0.213094,24.685367,0.15784,25.840964,0.045469,32.711959,0.337018,25.389881,0.118444,22.126163,0.12623,19.395522,0.304578,NBEATS+OL
13,E+M,21.575598,0.10345,18.546968,0.095539,22.092791,0.03387,20.040123,0.099462,18.355448,0.038515,17.157358,0.070405,12.736089,0.12052,NBEATS+OL
13,E+T+M,26.70947,0.117572,24.588086,0.159848,26.111952,0.036241,31.731942,0.229352,25.729214,0.236691,22.787819,0.211053,18.958602,0.251961,NBEATS+OL
13,E,16.273209,0.050417,16.804369,0.08341,35.642455,0.484996,24.0055,0.258381,37.4508,0.560431,18.848724,0.105789,13.373386,0.164719,NBEATS
13,E+T,9.600063,0.395091,25.796316,0.210097,42.554486,0.682115,82.072351,6.222865,86.670497,5.629305,76.029228,7.057079,46.973645,6.051187,NBEATS
13,E+M,12.849192,0.043624,19.199998,0.161155,26.838317,0.13692,27.661366,0.808637,32.869004,0.624314,22.387708,0.29997,13.218636,0.162045,NBEATS
13,E+T+M,10.642604,0.205326,24.804496,0.299872,43.427819,0.830397,64.777214,4.739314,70.986842,4.852719,55.623809,3.848922,30.357751,2.227688,NBEATS
13,E,37.075565,4.936631,27.54593,8.102643,35.677277,4.051068,24.339196,4.684987,23.966871,3.609555,20.59128,2.341767,22.022961,3.226383,LSTM+OL
13,E+T,27.278853,2.187856,18.755844,0.893237,26.821996,1.423314,23.599635,0.82787,21.806525,0.483264,21.040071,0.80634,18.343633,1.469333,LSTM+OL
13,E+M,29.96608,5.467639,22.205694,5.321384,29.497132,5.160796,24.659602,9.145019,22.358499,5.948684,20.391096,3.229724,21.26751,1.889729,LSTM+OL
13,E+T+M,27.180612,0.252807,18.450712,0.247255,26.196017,0.118279,22.396352,0.671429,21.370363,0.263318,22.110855,0.521977,18.79393,0.667791,LSTM+OL
13,E,20.615801,2.125208,26.509386,3.237277,39.91495,2.580608,28.723011,3.392536,40.642917,3.984189,23.417462,1.28442,22.821245,2.00673,LSTM
13,E+M,14.228129,1.185988,25.724213,3.37112,47.076117,1.657838,63.601842,5.417255,80.974741,5.80832,52.454107,4.652905,31.819419,3.536925,LSTM
13,E+T,21.307598,1.666058,26.416656,2.717551,47.378017,2.111487,38.821367,3.264234,59.048334,4.180876,24.375042,2.006959,23.571621,2.320024,LSTM
13,E+T+M,17.111112,0.880771,28.123753,1.935666,54.942606,2.132874,67.341352,1.154719,97.442345,0.889436,42.403793,3.409198,28.424781,1.544531,LSTM
13,E+T+M,18.170458,0.05746955,25.187288,0.1566842,52.44083,0.4119333,51.867437,0.8579933,76.709385,1.167898,31.621206,0.3430509,25.4897,0.3059402,XGBoost
13,E+M,21.499239,0.07576723,29.801036,0.1683466,57.895031,0.217477,59.192035,0.6470696,81.327313,0.6828932,46.131387,0.3365688,51.935121,0.8472864,XGBoost
13,E,38.941415,0.268837,40.049318,0.3590288,63.758196,0.3352236,49.125808,0.5152854,73.173323,0.5724336,42.367292,0.2152176,54.925548,0.5726151,XGBoost
13,E+T,39.873479,0.1468697,41.4434,0.1409888,65.36386,0.1549186,52.128053,0.2206917,76.533647,0.2519252,41.656857,0.2159819,50.84237,0.4315434,XGBoost
13,E+T,44.587244,0.117498,45.834074,0.121294,69.745105,0.084064,55.732905,0.138913,80.265716,0.124601,44.99024,0.101567,55.17491,0.053178,RF
13,E,44.718567,0.044149,45.962503,0.030334,69.830101,0.042189,55.860901,0.042572,80.373747,0.048954,45.116159,0.035197,55.253871,0.04036,RF
13,E+T+M,44.808716,0.020095,46.096247,0.016529,69.92179,0.014842,56.905953,0.265754,81.197329,0.204156,45.515203,0.105704,55.162343,0.028393,RF
13,E+M,55.383479,0.006106,56.081145,0.032551,77.082909,0.099081,69.030223,0.129092,91.618724,0.192081,54.926056,0.198808,61.351943,0.439435,RF
13,E,19.26591066,,,,32.92353046,,24.39190926,,35.89965613,,22.60229134,,23.84908713,,VAR
13,E+M,12.35515808,,,,256.452332,,141.7285352,,175.7612133,,160.8803634,,79.12891058,,VAR
13,E+T,18.15892454,,,,40.24108782,,33.19625074,,51.76635598,,22.39091857,,21.62353663,,VAR
13,E+T+M,11.71923044,,,,244.4372907,,145.1535286,,171.1298378,,154.1210179,,82.53349892,,VAR
13,E,20.02790725,,16.58024388,,22.46197634,,17.90570857,,19.29221001,,16.1705499,,14.3129943,,VAR+OL
13,E+M,18.56987417,,35.42579837,,253.5214698,,141.7285352,,175.7612133,,160.8803634,,85.17748186,,VAR+OL
13,E+T,19.37803486,,17.26252729,,22.81127402,,18.99964862,,19.62954681,,18.35966499,,14.88073114,,VAR+OL
13,E+T+M,17.93628602,,33.9854769,,241.150293,,145.1535286,,171.1298378,,154.1210179,,87.49839239,,VAR+OL
